{"cameraMode":{"drawMode":0,"name":"Shaded","section":"Shading Mode"},"sceneLighting":false,"audioPlay":false,"sceneViewState":{"showFog":true,"showMaterialUpdate":true,"showSkybox":false,"showFlares":true,"showImageEffects":true,"showParticleSystems":true},"in2DMode":false,"pivot":{"x":0.03721556067466736,"y":0.7022597789764404,"z":0.16381466388702393},"rotation":{"x":0.014609239995479584,"y":0.9842146039009094,"z":-0.14663445949554444,"w":0.09805126488208771},"size":1.6618176698684693,"orthographic":true}