{"cameraMode":{"drawMode":0,"name":"Shaded","section":"Shading Mode"},"sceneLighting":true,"audioPlay":false,"sceneViewState":{"showFog":true,"showMaterialUpdate":true,"showSkybox":true,"showFlares":true,"showImageEffects":true,"showParticleSystems":true},"in2DMode":false,"pivot":{"x":0.03721556067466736,"y":100.30000305175781,"z":0.16381466388702393},"rotation":{"x":0.038418691605329517,"y":0.9488065242767334,"z":-0.2866535186767578,"w":0.1271747499704361},"size":2386.491943359375,"orthographic":true}