{"cameraMode":{"drawMode":0,"name":"Shaded","section":"Shading Mode"},"sceneLighting":true,"audioPlay":false,"sceneViewState":{"showFog":true,"showMaterialUpdate":true,"showSkybox":true,"showFlares":true,"showImageEffects":true,"showParticleSystems":true},"in2DMode":false,"pivot":{"x":-578.2930908203125,"y":220.609375,"z":-621.21875},"rotation":{"x":0.01965552382171154,"y":0.7093783020973206,"z":-0.019793549552559854,"w":0.7042841911315918},"size":229.40782165527345,"orthographic":true}